Date,Time,Output
2024-12-08,10:47:59,"{'succeeded': True, 'file upload': '/Users/yuda/Desktop/RIG_v1/evaluation/data/rule_types/equipment_malfunction.json'}"
2024-12-08,10:48:00,"{'succeeded': True, 'file upload': '/Users/yuda/Desktop/RIG_v1/evaluation/data/rule_types/attack_overview.json'}"
2024-12-08,10:48:00,"{'succeeded': True, 'file upload': '/Users/yuda/Desktop/RIG_v1/evaluation/data/rule_types/api_rate_limit_reached.json'}"
2024-12-08,10:48:01,"{'succeeded': True, 'file upload': '/Users/yuda/Desktop/RIG_v1/evaluation/data/rule_types/fire_control.json'}"
2024-12-08,10:48:01,"{'succeeded': True, 'file upload': '/Users/yuda/Desktop/RIG_v1/evaluation/data/rule_types/betrayal_risk.json'}"
2024-12-08,10:48:01,"{'succeeded': True, 'file upload': '/Users/yuda/Desktop/RIG_v1/evaluation/data/rule_types/temperature_threshold_exceeded.json'}"
2024-12-08,10:48:02,"{'succeeded': True, 'file upload': '/Users/yuda/Desktop/RIG_v1/evaluation/data/rule_types/disk_space_warning.json'}"
2024-12-08,10:48:02,"{'succeeded': True, 'file upload': '/Users/yuda/Desktop/RIG_v1/evaluation/data/rule_types/radar_error_monitoring.json'}"
2024-12-08,10:48:03,"{'succeeded': True, 'file upload': '/Users/yuda/Desktop/RIG_v1/evaluation/data/rule_types/encryption_flaw.json'}"
2024-12-08,10:48:03,"{'succeeded': True, 'file upload': '/Users/yuda/Desktop/RIG_v1/evaluation/data/rule_types/satellite_disruption.json'}"
2024-12-08,10:48:03,"{'succeeded': True, 'file upload': '/Users/yuda/Desktop/RIG_v1/evaluation/data/rule_types/missile_failure.json'}"
2024-12-08,10:48:04,"{'succeeded': True, 'file upload': '/Users/yuda/Desktop/RIG_v1/evaluation/data/rule_types/defection_threat.json'}"
2024-12-08,10:48:04,"{'succeeded': True, 'file upload': '/Users/yuda/Desktop/RIG_v1/evaluation/data/rule_types/system_failure.json'}"
2024-12-08,10:48:05,"{'succeeded': True, 'file upload': '/Users/yuda/Desktop/RIG_v1/evaluation/data/rule_types/disloyal_soldier.json'}"
2024-12-08,10:48:05,"{'succeeded': True, 'file upload': '/Users/yuda/Desktop/RIG_v1/evaluation/data/rule_types/platoon_report.json'}"
2024-12-08,10:48:05,"{'succeeded': True, 'file upload': '/Users/yuda/Desktop/RIG_v1/evaluation/data/rule_types/corruption_scandal.json'}"
2024-12-08,10:48:06,"{'succeeded': True, 'file upload': '/Users/yuda/Desktop/RIG_v1/evaluation/data/rule_types/suspected_person.json'}"
2024-12-08,10:48:06,"{'succeeded': True, 'file upload': '/Users/yuda/Desktop/RIG_v1/evaluation/data/rule_types/password_expiry.json'}"
2024-12-08,10:48:07,"{'succeeded': True, 'file upload': '/Users/yuda/Desktop/RIG_v1/evaluation/data/rule_types/bomb_failure.json'}"
2024-12-08,10:48:07,"{'succeeded': True, 'file upload': '/Users/yuda/Desktop/RIG_v1/evaluation/data/rule_types/covert_agent.json'}"
2024-12-08,10:48:07,"{'succeeded': True, 'file upload': '/Users/yuda/Desktop/RIG_v1/evaluation/data/rule_types/supply_shortage.json'}"
2024-12-08,10:48:08,"{'succeeded': True, 'file upload': '/Users/yuda/Desktop/RIG_v1/evaluation/data/rule_types/leadership_breakdown.json'}"
2024-12-08,10:48:08,"{'succeeded': True, 'file upload': '/Users/yuda/Desktop/RIG_v1/evaluation/data/rule_types/memory_usage_high.json'}"
2024-12-08,10:48:09,"{'succeeded': True, 'file upload': '/Users/yuda/Desktop/RIG_v1/evaluation/data/rule_types/command_incompetence.json'}"
2024-12-08,10:48:09,"{'succeeded': True, 'file upload': '/Users/yuda/Desktop/RIG_v1/evaluation/data/rule_types/missile_malfunction.json'}"
2024-12-08,10:48:09,"{'succeeded': True, 'file upload': '/Users/yuda/Desktop/RIG_v1/evaluation/data/rule_types/launch_failure.json'}"
2024-12-08,11:08:38,"{'succeeded': True, 'file upload': '/Users/yuda/Desktop/RIG_v1/evaluation/data/rule_types/equipment_malfunction.json'}"
2024-12-08,11:08:39,"{'succeeded': True, 'file upload': '/Users/yuda/Desktop/RIG_v1/evaluation/data/rule_types/attack_overview.json'}"
2024-12-08,11:08:39,"{'succeeded': True, 'file upload': '/Users/yuda/Desktop/RIG_v1/evaluation/data/rule_types/api_rate_limit_reached.json'}"
2024-12-08,11:08:39,"{'succeeded': True, 'file upload': '/Users/yuda/Desktop/RIG_v1/evaluation/data/rule_types/fire_control.json'}"
2024-12-08,11:08:40,"{'succeeded': True, 'file upload': '/Users/yuda/Desktop/RIG_v1/evaluation/data/rule_types/betrayal_risk.json'}"
2024-12-08,11:08:40,"{'succeeded': True, 'file upload': '/Users/yuda/Desktop/RIG_v1/evaluation/data/rule_types/temperature_threshold_exceeded.json'}"
2024-12-08,11:08:40,"{'succeeded': True, 'file upload': '/Users/yuda/Desktop/RIG_v1/evaluation/data/rule_types/disk_space_warning.json'}"
2024-12-08,11:08:41,"{'succeeded': True, 'file upload': '/Users/yuda/Desktop/RIG_v1/evaluation/data/rule_types/radar_error_monitoring.json'}"
2024-12-08,11:08:41,"{'succeeded': True, 'file upload': '/Users/yuda/Desktop/RIG_v1/evaluation/data/rule_types/encryption_flaw.json'}"
2024-12-08,11:08:41,"{'succeeded': True, 'file upload': '/Users/yuda/Desktop/RIG_v1/evaluation/data/rule_types/satellite_disruption.json'}"
2024-12-08,11:08:42,"{'succeeded': True, 'file upload': '/Users/yuda/Desktop/RIG_v1/evaluation/data/rule_types/missile_failure.json'}"
2024-12-08,11:08:42,"{'succeeded': True, 'file upload': '/Users/yuda/Desktop/RIG_v1/evaluation/data/rule_types/defection_threat.json'}"
2024-12-08,11:08:43,"{'succeeded': True, 'file upload': '/Users/yuda/Desktop/RIG_v1/evaluation/data/rule_types/system_failure.json'}"
2024-12-08,11:08:43,"{'succeeded': True, 'file upload': '/Users/yuda/Desktop/RIG_v1/evaluation/data/rule_types/disloyal_soldier.json'}"
2024-12-08,11:08:43,"{'succeeded': True, 'file upload': '/Users/yuda/Desktop/RIG_v1/evaluation/data/rule_types/platoon_report.json'}"
2024-12-08,11:08:44,"{'succeeded': True, 'file upload': '/Users/yuda/Desktop/RIG_v1/evaluation/data/rule_types/corruption_scandal.json'}"
2024-12-08,11:08:44,"{'succeeded': True, 'file upload': '/Users/yuda/Desktop/RIG_v1/evaluation/data/rule_types/suspected_person.json'}"
2024-12-08,11:08:44,"{'succeeded': True, 'file upload': '/Users/yuda/Desktop/RIG_v1/evaluation/data/rule_types/password_expiry.json'}"
2024-12-08,11:08:45,"{'succeeded': True, 'file upload': '/Users/yuda/Desktop/RIG_v1/evaluation/data/rule_types/bomb_failure.json'}"
2024-12-08,11:08:45,"{'succeeded': True, 'file upload': '/Users/yuda/Desktop/RIG_v1/evaluation/data/rule_types/covert_agent.json'}"
2024-12-08,11:08:46,"{'succeeded': True, 'file upload': '/Users/yuda/Desktop/RIG_v1/evaluation/data/rule_types/supply_shortage.json'}"
2024-12-08,11:08:46,"{'succeeded': True, 'file upload': '/Users/yuda/Desktop/RIG_v1/evaluation/data/rule_types/leadership_breakdown.json'}"
2024-12-08,11:08:46,"{'succeeded': True, 'file upload': '/Users/yuda/Desktop/RIG_v1/evaluation/data/rule_types/memory_usage_high.json'}"
2024-12-08,11:08:47,"{'succeeded': True, 'file upload': '/Users/yuda/Desktop/RIG_v1/evaluation/data/rule_types/command_incompetence.json'}"
2024-12-08,11:08:47,"{'succeeded': True, 'file upload': '/Users/yuda/Desktop/RIG_v1/evaluation/data/rule_types/missile_malfunction.json'}"
2024-12-08,11:08:47,"{'succeeded': True, 'file upload': '/Users/yuda/Desktop/RIG_v1/evaluation/data/rule_types/launch_failure.json'}"
2024-12-08,11:10:27,"{'succeeded': True, 'file upload': '/Users/yuda/Desktop/RIG_v1/evaluation/data/rule_types/equipment_malfunction.json'}"
2024-12-08,11:10:27,"{'succeeded': True, 'file upload': '/Users/yuda/Desktop/RIG_v1/evaluation/data/rule_types/attack_overview.json'}"
2024-12-08,11:10:27,"{'succeeded': True, 'file upload': '/Users/yuda/Desktop/RIG_v1/evaluation/data/rule_types/api_rate_limit_reached.json'}"
2024-12-08,11:10:28,"{'succeeded': True, 'file upload': '/Users/yuda/Desktop/RIG_v1/evaluation/data/rule_types/fire_control.json'}"
2024-12-08,11:10:28,"{'succeeded': True, 'file upload': '/Users/yuda/Desktop/RIG_v1/evaluation/data/rule_types/betrayal_risk.json'}"
2024-12-08,11:10:28,"{'succeeded': True, 'file upload': '/Users/yuda/Desktop/RIG_v1/evaluation/data/rule_types/temperature_threshold_exceeded.json'}"
2024-12-08,11:10:29,"{'succeeded': True, 'file upload': '/Users/yuda/Desktop/RIG_v1/evaluation/data/rule_types/disk_space_warning.json'}"
2024-12-08,11:10:29,"{'succeeded': True, 'file upload': '/Users/yuda/Desktop/RIG_v1/evaluation/data/rule_types/radar_error_monitoring.json'}"
2024-12-08,11:10:29,"{'succeeded': True, 'file upload': '/Users/yuda/Desktop/RIG_v1/evaluation/data/rule_types/encryption_flaw.json'}"
2024-12-08,11:10:30,"{'succeeded': True, 'file upload': '/Users/yuda/Desktop/RIG_v1/evaluation/data/rule_types/satellite_disruption.json'}"
2024-12-08,11:10:30,"{'succeeded': True, 'file upload': '/Users/yuda/Desktop/RIG_v1/evaluation/data/rule_types/missile_failure.json'}"
2024-12-08,11:10:30,"{'succeeded': True, 'file upload': '/Users/yuda/Desktop/RIG_v1/evaluation/data/rule_types/defection_threat.json'}"
2024-12-08,11:10:31,"{'succeeded': True, 'file upload': '/Users/yuda/Desktop/RIG_v1/evaluation/data/rule_types/system_failure.json'}"
2024-12-08,11:10:31,"{'succeeded': True, 'file upload': '/Users/yuda/Desktop/RIG_v1/evaluation/data/rule_types/disloyal_soldier.json'}"
2024-12-08,11:10:31,"{'succeeded': True, 'file upload': '/Users/yuda/Desktop/RIG_v1/evaluation/data/rule_types/platoon_report.json'}"
2024-12-08,11:10:32,"{'succeeded': True, 'file upload': '/Users/yuda/Desktop/RIG_v1/evaluation/data/rule_types/corruption_scandal.json'}"
2024-12-08,11:10:32,"{'succeeded': True, 'file upload': '/Users/yuda/Desktop/RIG_v1/evaluation/data/rule_types/suspected_person.json'}"
2024-12-08,11:10:32,"{'succeeded': True, 'file upload': '/Users/yuda/Desktop/RIG_v1/evaluation/data/rule_types/password_expiry.json'}"
2024-12-08,11:10:33,"{'succeeded': True, 'file upload': '/Users/yuda/Desktop/RIG_v1/evaluation/data/rule_types/bomb_failure.json'}"
2024-12-08,11:10:33,"{'succeeded': True, 'file upload': '/Users/yuda/Desktop/RIG_v1/evaluation/data/rule_types/covert_agent.json'}"
2024-12-08,11:10:33,"{'succeeded': True, 'file upload': '/Users/yuda/Desktop/RIG_v1/evaluation/data/rule_types/supply_shortage.json'}"
2024-12-08,11:10:34,"{'succeeded': True, 'file upload': '/Users/yuda/Desktop/RIG_v1/evaluation/data/rule_types/leadership_breakdown.json'}"
2024-12-08,11:10:34,"{'succeeded': True, 'file upload': '/Users/yuda/Desktop/RIG_v1/evaluation/data/rule_types/memory_usage_high.json'}"
2024-12-08,11:10:34,"{'succeeded': True, 'file upload': '/Users/yuda/Desktop/RIG_v1/evaluation/data/rule_types/command_incompetence.json'}"
2024-12-08,11:10:35,"{'succeeded': True, 'file upload': '/Users/yuda/Desktop/RIG_v1/evaluation/data/rule_types/missile_malfunction.json'}"
2024-12-08,11:10:35,"{'succeeded': True, 'file upload': '/Users/yuda/Desktop/RIG_v1/evaluation/data/rule_types/launch_failure.json'}"
2024-12-08,11:12:02,"{'rule_instance': {'_id': '00000000-0000-0000-0000-000000000000', 'description': 'string', 'isActive': True, 'lastUpdateTime': '00/00/0000 00:00:00', 'params': {'speed': 'null', 'type': 'null', 'weight': 'null', 'fuel': 'null', 'altitute': 'null', 'wheels': 'null', 'engine': 'null'}, 'ruleInstanceName': 'system failure - system failure', 'severity': 5, 'ruleType': 'structured', 'ruleOwner': '', 'ruleTypeId': 'fb8e8ef1-e382-43b5-b896-70d254878751', 'eventDetails': [{'objectName': 'Airplan', 'objectDescription': None, 'timeWindowInMilliseconds': 0, 'useLatest': False}], 'additionalInformation': {}, 'presetId': '00000000-0000-0000-0000-000000000000'}, 'is_error': False, 'error_message': '', 'free_text': 'system failure severity 5', 'type_name': 'system failure', 'rag_score': 0.6298588514328003, 'model_response': '```json\n    {""speed"": null, ""type"": ""null"", ""weight"": null, ""fuel"": null, ""altitute"": null, ""wheels"": null, ""engine"": null, ""ruleInstanceName"": ""system failure - system failure"", ""severity"": 5}', 'schema': {'speed': 'Int', 'type': 'String', 'weight': 'Int', 'fuel': 'Int', 'altitute': 'Int', 'wheels': 'Int', 'engine': 'Int', 'ruleInstanceName': 'string', 'severity': 'int'}, 'time': '2024-12-08|11:12:02', 'inference_time': 15.802719354629517}"
2024-12-08,16:45:28,"{'succeeded': True, 'file upload': '/Users/yuda/Desktop/RIG_v1/evaluation/data/rule_types/equipment_malfunction.json'}"
2024-12-08,16:45:28,"{'succeeded': True, 'file upload': '/Users/yuda/Desktop/RIG_v1/evaluation/data/rule_types/attack_overview.json'}"
2024-12-08,16:45:29,"{'succeeded': True, 'file upload': '/Users/yuda/Desktop/RIG_v1/evaluation/data/rule_types/api_rate_limit_reached.json'}"
2024-12-08,16:45:29,"{'succeeded': True, 'file upload': '/Users/yuda/Desktop/RIG_v1/evaluation/data/rule_types/fire_control.json'}"
2024-12-08,16:45:29,"{'succeeded': True, 'file upload': '/Users/yuda/Desktop/RIG_v1/evaluation/data/rule_types/betrayal_risk.json'}"
2024-12-08,16:45:29,"{'succeeded': True, 'file upload': '/Users/yuda/Desktop/RIG_v1/evaluation/data/rule_types/temperature_threshold_exceeded.json'}"
2024-12-08,16:45:29,"{'succeeded': True, 'file upload': '/Users/yuda/Desktop/RIG_v1/evaluation/data/rule_types/disk_space_warning.json'}"
2024-12-08,16:45:29,"{'succeeded': True, 'file upload': '/Users/yuda/Desktop/RIG_v1/evaluation/data/rule_types/radar_error_monitoring.json'}"
2024-12-08,16:45:29,"{'succeeded': True, 'file upload': '/Users/yuda/Desktop/RIG_v1/evaluation/data/rule_types/encryption_flaw.json'}"
2024-12-08,16:45:29,"{'succeeded': True, 'file upload': '/Users/yuda/Desktop/RIG_v1/evaluation/data/rule_types/satellite_disruption.json'}"
2024-12-08,16:45:29,"{'succeeded': True, 'file upload': '/Users/yuda/Desktop/RIG_v1/evaluation/data/rule_types/missile_failure.json'}"
2024-12-08,16:45:30,"{'succeeded': True, 'file upload': '/Users/yuda/Desktop/RIG_v1/evaluation/data/rule_types/defection_threat.json'}"
2024-12-08,16:45:30,"{'succeeded': True, 'file upload': '/Users/yuda/Desktop/RIG_v1/evaluation/data/rule_types/system_failure.json'}"
2024-12-08,16:45:30,"{'succeeded': True, 'file upload': '/Users/yuda/Desktop/RIG_v1/evaluation/data/rule_types/disloyal_soldier.json'}"
2024-12-08,16:45:30,"{'succeeded': True, 'file upload': '/Users/yuda/Desktop/RIG_v1/evaluation/data/rule_types/platoon_report.json'}"
2024-12-08,16:45:30,"{'succeeded': True, 'file upload': '/Users/yuda/Desktop/RIG_v1/evaluation/data/rule_types/corruption_scandal.json'}"
2024-12-08,16:45:30,"{'succeeded': True, 'file upload': '/Users/yuda/Desktop/RIG_v1/evaluation/data/rule_types/suspected_person.json'}"
2024-12-08,16:45:30,"{'succeeded': True, 'file upload': '/Users/yuda/Desktop/RIG_v1/evaluation/data/rule_types/password_expiry.json'}"
2024-12-08,16:45:30,"{'succeeded': True, 'file upload': '/Users/yuda/Desktop/RIG_v1/evaluation/data/rule_types/bomb_failure.json'}"
2024-12-08,16:45:30,"{'succeeded': True, 'file upload': '/Users/yuda/Desktop/RIG_v1/evaluation/data/rule_types/covert_agent.json'}"
2024-12-08,16:45:30,"{'succeeded': True, 'file upload': '/Users/yuda/Desktop/RIG_v1/evaluation/data/rule_types/supply_shortage.json'}"
2024-12-08,16:45:30,"{'succeeded': True, 'file upload': '/Users/yuda/Desktop/RIG_v1/evaluation/data/rule_types/leadership_breakdown.json'}"
2024-12-08,16:45:30,"{'succeeded': True, 'file upload': '/Users/yuda/Desktop/RIG_v1/evaluation/data/rule_types/memory_usage_high.json'}"
2024-12-08,16:45:30,"{'succeeded': True, 'file upload': '/Users/yuda/Desktop/RIG_v1/evaluation/data/rule_types/command_incompetence.json'}"
2024-12-08,16:45:31,"{'succeeded': True, 'file upload': '/Users/yuda/Desktop/RIG_v1/evaluation/data/rule_types/missile_malfunction.json'}"
2024-12-08,16:45:31,"{'succeeded': True, 'file upload': '/Users/yuda/Desktop/RIG_v1/evaluation/data/rule_types/launch_failure.json'}"
2024-12-08,17:56:16,"{'succeeded': True, 'file upload': '/Users/yuda/Desktop/RIG_v1/evaluation/data/rule_types/equipment_malfunction.json'}"
2024-12-08,17:56:17,"{'succeeded': True, 'file upload': '/Users/yuda/Desktop/RIG_v1/evaluation/data/rule_types/attack_overview.json'}"
2024-12-08,17:56:17,"{'succeeded': True, 'file upload': '/Users/yuda/Desktop/RIG_v1/evaluation/data/rule_types/api_rate_limit_reached.json'}"
2024-12-08,17:56:17,"{'succeeded': True, 'file upload': '/Users/yuda/Desktop/RIG_v1/evaluation/data/rule_types/fire_control.json'}"
2024-12-08,17:56:18,"{'succeeded': True, 'file upload': '/Users/yuda/Desktop/RIG_v1/evaluation/data/rule_types/betrayal_risk.json'}"
2024-12-08,17:56:18,"{'succeeded': True, 'file upload': '/Users/yuda/Desktop/RIG_v1/evaluation/data/rule_types/temperature_threshold_exceeded.json'}"
2024-12-08,17:56:18,"{'succeeded': True, 'file upload': '/Users/yuda/Desktop/RIG_v1/evaluation/data/rule_types/disk_space_warning.json'}"
2024-12-08,17:56:19,"{'succeeded': True, 'file upload': '/Users/yuda/Desktop/RIG_v1/evaluation/data/rule_types/radar_error_monitoring.json'}"
2024-12-08,17:56:19,"{'succeeded': True, 'file upload': '/Users/yuda/Desktop/RIG_v1/evaluation/data/rule_types/encryption_flaw.json'}"
2024-12-08,17:56:19,"{'succeeded': True, 'file upload': '/Users/yuda/Desktop/RIG_v1/evaluation/data/rule_types/satellite_disruption.json'}"
2024-12-08,17:56:20,"{'succeeded': True, 'file upload': '/Users/yuda/Desktop/RIG_v1/evaluation/data/rule_types/missile_failure.json'}"
2024-12-08,17:56:20,"{'succeeded': True, 'file upload': '/Users/yuda/Desktop/RIG_v1/evaluation/data/rule_types/defection_threat.json'}"
2024-12-08,17:56:20,"{'succeeded': True, 'file upload': '/Users/yuda/Desktop/RIG_v1/evaluation/data/rule_types/system_failure.json'}"
2024-12-08,17:56:21,"{'succeeded': True, 'file upload': '/Users/yuda/Desktop/RIG_v1/evaluation/data/rule_types/disloyal_soldier.json'}"
2024-12-08,17:56:21,"{'succeeded': True, 'file upload': '/Users/yuda/Desktop/RIG_v1/evaluation/data/rule_types/platoon_report.json'}"
2024-12-08,17:56:22,"{'succeeded': True, 'file upload': '/Users/yuda/Desktop/RIG_v1/evaluation/data/rule_types/corruption_scandal.json'}"
2024-12-08,17:56:22,"{'succeeded': True, 'file upload': '/Users/yuda/Desktop/RIG_v1/evaluation/data/rule_types/suspected_person.json'}"
2024-12-08,17:56:22,"{'succeeded': True, 'file upload': '/Users/yuda/Desktop/RIG_v1/evaluation/data/rule_types/password_expiry.json'}"
2024-12-08,17:56:23,"{'succeeded': True, 'file upload': '/Users/yuda/Desktop/RIG_v1/evaluation/data/rule_types/bomb_failure.json'}"
2024-12-08,17:56:23,"{'succeeded': True, 'file upload': '/Users/yuda/Desktop/RIG_v1/evaluation/data/rule_types/covert_agent.json'}"
2024-12-08,17:56:23,"{'succeeded': True, 'file upload': '/Users/yuda/Desktop/RIG_v1/evaluation/data/rule_types/supply_shortage.json'}"
2024-12-08,17:56:24,"{'succeeded': True, 'file upload': '/Users/yuda/Desktop/RIG_v1/evaluation/data/rule_types/leadership_breakdown.json'}"
2024-12-08,17:56:24,"{'succeeded': True, 'file upload': '/Users/yuda/Desktop/RIG_v1/evaluation/data/rule_types/memory_usage_high.json'}"
2024-12-08,17:56:24,"{'succeeded': True, 'file upload': '/Users/yuda/Desktop/RIG_v1/evaluation/data/rule_types/command_incompetence.json'}"
2024-12-08,17:56:25,"{'succeeded': True, 'file upload': '/Users/yuda/Desktop/RIG_v1/evaluation/data/rule_types/missile_malfunction.json'}"
2024-12-08,17:56:25,"{'succeeded': True, 'file upload': '/Users/yuda/Desktop/RIG_v1/evaluation/data/rule_types/launch_failure.json'}"
2024-12-09,11:10:12,"{'rule_instance': None, 'is_error': True, 'error_message': 'Processing failed: ValueError, Requested tokens (881) exceed context window of 640', 'free_text': ""Alright, let's dive in. We're looking at 'Exploitation Scenario 789'. The crux of the matter is, there's this individual, going by the ID 'XYZ789', who's been involved in an exploitation failure. The level of seriousness? I'd estimate about three. The breach? Fairness. Not good, not good at all. When did we spot this? Well, the detection time isn't clear. And the context? Personal. Yes, it's a pretty serious situation"", 'type_name': None, 'rag_score': None, 'model_response': None, 'schema': None, 'time': '2024-12-09|11:10:12', 'inference_time': 0.25655698776245117}"
2024-12-09,11:11:28,"{'rule_instance': {'_id': '00000000-0000-0000-0000-000000000000', 'description': 'string', 'isActive': True, 'lastUpdateTime': '00/00/0000 00:00:00', 'params': {'launchID': '789', 'failureType': 'Exploitation', 'failureSeverity': 3, 'impactArea': 'Personal', 'launchTime': 'null', 'recoveryTime': 'null'}, 'ruleInstanceName': 'launch failure - Exploitation Scenario 789', 'severity': 3, 'ruleType': 'structured', 'ruleOwner': '', 'ruleTypeId': 'a4e8b2c1-e5f3-4c8f-826b-31b9e9ab732b', 'eventDetails': [{'objectName': 'Launch', 'objectDescription': None, 'timeWindowInMilliseconds': 0, 'useLatest': False}], 'additionalInformation': {}, 'presetId': '00000000-0000-0000-0000-000000000000'}, 'is_error': False, 'error_message': '', 'free_text': ""Alright, let's dive in. We're looking at 'Exploitation Scenario 789'. The crux of the matter is, there's this individual, going by the ID 'XYZ789', who's been involved in an exploitation failure. The level of seriousness? I'd estimate about three. The breach? Fairness. Not good, not good at all. When did we spot this? Well, the detection time isn't clear. And the context? Personal. Yes, it's a pretty serious situation"", 'type_name': 'launch failure', 'rag_score': 0.5653713002254673, 'model_response': '{\n        ""launchID"": ""789"",\n        ""failureType"": ""Exploitation"",\n        ""failureSeverity"": 3,\n        ""impactArea"": ""Personal"",\n        ""launchTime"": ""null"",\n        ""recoveryTime"": ""null"",\n        ""ruleInstanceName"": ""launch failure - Exploitation Scenario 789"",\n        ""severity"": 3\n    }', 'schema': {'launchID': 'String', 'failureType': 'String', 'failureSeverity': 'Int', 'impactArea': 'String', 'launchTime': 'String', 'recoveryTime': 'Int', 'ruleInstanceName': 'string', 'severity': 'int'}, 'time': '2024-12-09|11:11:28', 'inference_time': 8.32372236251831}"
2024-12-09,11:11:51,"{'feedback': True, 'time': datetime.datetime(2024, 12, 9, 11, 11, 51, 46741)}"
2024-12-09,11:27:09,"{'rule_instance': {'_id': '00000000-0000-0000-0000-000000000000', 'description': 'string', 'isActive': True, 'lastUpdateTime': '00/00/0000 00:00:00', 'params': {'launchID': '789', 'failureType': 'Exploitation', 'failureSeverity': 3, 'impactArea': 'Personal', 'launchTime': 'null', 'recoveryTime': 'null'}, 'ruleInstanceName': 'launch failure - Exploitation Scenario 789', 'severity': 3, 'ruleType': 'structured', 'ruleOwner': '', 'ruleTypeId': 'a4e8b2c1-e5f3-4c8f-826b-31b9e9ab732b', 'eventDetails': [{'objectName': 'Launch', 'objectDescription': None, 'timeWindowInMilliseconds': 0, 'useLatest': False}], 'additionalInformation': {}, 'presetId': '00000000-0000-0000-0000-000000000000'}, 'is_error': False, 'error_message': '', 'free_text': ""Alright, let's dive in. We're looking at 'Exploitation Scenario 789'. The crux of the matter is, there's this individual, going by the ID 'XYZ789', who's been involved in an exploitation failure. The level of seriousness? I'd estimate about three. The breach? Fairness. Not good, not good at all. When did we spot this? Well, the detection time isn't clear. And the context? Personal. Yes, it's a pretty serious situation"", 'type_name': 'launch failure', 'rag_score': 0.5653713002254673, 'model_response': '{\n        ""launchID"": ""789"",\n        ""failureType"": ""Exploitation"",\n        ""failureSeverity"": 3,\n        ""impactArea"": ""Personal"",\n        ""launchTime"": ""null"",\n        ""recoveryTime"": ""null"",\n        ""ruleInstanceName"": ""launch failure - Exploitation Scenario 789"",\n        ""severity"": 3\n    }', 'schema': {'launchID': 'String', 'failureType': 'String', 'failureSeverity': 'Int', 'impactArea': 'String', 'launchTime': 'String', 'recoveryTime': 'Int', 'ruleInstanceName': 'string', 'severity': 'int'}, 'time': '2024-12-09|11:27:09', 'inference_time': 7.16466498374939}"
2024-12-09,11:27:09,"{'feedback': True, 'time': datetime.datetime(2024, 12, 9, 11, 27, 9, 512703)}"
2024-12-09,11:33:29,"{'rule_instance': {'_id': '00000000-0000-0000-0000-000000000000', 'description': 'string', 'isActive': True, 'lastUpdateTime': '00/00/0000 00:00:00', 'params': {'launchID': '789', 'failureType': 'Exploitation', 'failureSeverity': 3, 'impactArea': 'Personal', 'launchTime': 'null', 'recoveryTime': 'null'}, 'ruleInstanceName': 'launch failure - Exploitation Scenario 789', 'severity': 3, 'ruleType': 'structured', 'ruleOwner': '', 'ruleTypeId': 'a4e8b2c1-e5f3-4c8f-826b-31b9e9ab732b', 'eventDetails': [{'objectName': 'Launch', 'objectDescription': None, 'timeWindowInMilliseconds': 0, 'useLatest': False}], 'additionalInformation': {}, 'presetId': '00000000-0000-0000-0000-000000000000'}, 'is_error': False, 'error_message': '', 'free_text': ""Alright, let's dive in. We're looking at 'Exploitation Scenario 789'. The crux of the matter is, there's this individual, going by the ID 'XYZ789', who's been involved in an exploitation failure. The level of seriousness? I'd estimate about three. The breach? Fairness. Not good, not good at all. When did we spot this? Well, the detection time isn't clear. And the context? Personal. Yes, it's a pretty serious situation"", 'type_name': 'launch failure', 'rag_score': 0.5653713002254673, 'model_response': '{\n        ""launchID"": ""789"",\n        ""failureType"": ""Exploitation"",\n        ""failureSeverity"": 3,\n        ""impactArea"": ""Personal"",\n        ""launchTime"": ""null"",\n        ""recoveryTime"": ""null"",\n        ""ruleInstanceName"": ""launch failure - Exploitation Scenario 789"",\n        ""severity"": 3\n    }', 'schema': {'launchID': 'String', 'failureType': 'String', 'failureSeverity': 'Int', 'impactArea': 'String', 'launchTime': 'String', 'recoveryTime': 'Int', 'ruleInstanceName': 'string', 'severity': 'int'}, 'time': '2024-12-09|11:33:29', 'inference_time': 10.239094972610474}"
2024-12-09,11:33:29,"{'feedback': True, 'time': datetime.datetime(2024, 12, 9, 11, 33, 29, 429154)}"
2024-12-09,11:42:10,"{'rule_instance': {'_id': '00000000-0000-0000-0000-000000000000', 'description': 'string', 'isActive': True, 'lastUpdateTime': '00/00/0000 00:00:00', 'params': {'launchID': '789', 'failureType': 'Exploitation', 'failureSeverity': 3, 'impactArea': 'Personal', 'launchTime': 'null', 'recoveryTime': 'null'}, 'ruleInstanceName': 'launch failure - Exploitation Scenario 789', 'severity': 3, 'ruleType': 'structured', 'ruleOwner': '', 'ruleTypeId': 'a4e8b2c1-e5f3-4c8f-826b-31b9e9ab732b', 'eventDetails': [{'objectName': 'Launch', 'objectDescription': None, 'timeWindowInMilliseconds': 0, 'useLatest': False}], 'additionalInformation': {}, 'presetId': '00000000-0000-0000-0000-000000000000'}, 'is_error': False, 'error_message': '', 'free_text': ""Alright, let's dive in. We're looking at 'Exploitation Scenario 789'. The crux of the matter is, there's this individual, going by the ID 'XYZ789', who's been involved in an exploitation failure. The level of seriousness? I'd estimate about three. The breach? Fairness. Not good, not good at all. When did we spot this? Well, the detection time isn't clear. And the context? Personal. Yes, it's a pretty serious situation"", 'type_name': 'launch failure', 'rag_score': 0.5653713002254673, 'model_response': '{\n        ""launchID"": ""789"",\n        ""failureType"": ""Exploitation"",\n        ""failureSeverity"": 3,\n        ""impactArea"": ""Personal"",\n        ""launchTime"": ""null"",\n        ""recoveryTime"": ""null"",\n        ""ruleInstanceName"": ""launch failure - Exploitation Scenario 789"",\n        ""severity"": 3\n    }', 'schema': {'launchID': 'String', 'failureType': 'String', 'failureSeverity': 'Int', 'impactArea': 'String', 'launchTime': 'String', 'recoveryTime': 'Int', 'ruleInstanceName': 'string', 'severity': 'int'}, 'time': '2024-12-09|11:42:10', 'inference_time': 7.1639649868011475}"
2024-12-09,11:42:10,"{'feedback': True, 'time': datetime.datetime(2024, 12, 9, 11, 42, 10, 723982)}"
2024-12-09,11:43:13,"{'rule_instance': {'_id': '00000000-0000-0000-0000-000000000000', 'description': 'string', 'isActive': True, 'lastUpdateTime': '00/00/0000 00:00:00', 'params': {'launchID': '789', 'failureType': 'Exploitation', 'failureSeverity': 3, 'impactArea': 'Personal', 'launchTime': 'null', 'recoveryTime': 'null'}, 'ruleInstanceName': 'launch failure - Exploitation Scenario 789', 'severity': 3, 'ruleType': 'structured', 'ruleOwner': '', 'ruleTypeId': 'a4e8b2c1-e5f3-4c8f-826b-31b9e9ab732b', 'eventDetails': [{'objectName': 'Launch', 'objectDescription': None, 'timeWindowInMilliseconds': 0, 'useLatest': False}], 'additionalInformation': {}, 'presetId': '00000000-0000-0000-0000-000000000000'}, 'is_error': False, 'error_message': '', 'free_text': ""Alright, let's dive in. We're looking at 'Exploitation Scenario 789'. The crux of the matter is, there's this individual, going by the ID 'XYZ789', who's been involved in an exploitation failure. The level of seriousness? I'd estimate about three. The breach? Fairness. Not good, not good at all. When did we spot this? Well, the detection time isn't clear. And the context? Personal. Yes, it's a pretty serious situation"", 'type_name': 'launch failure', 'rag_score': 0.5653713002254673, 'model_response': '{\n        ""launchID"": ""789"",\n        ""failureType"": ""Exploitation"",\n        ""failureSeverity"": 3,\n        ""impactArea"": ""Personal"",\n        ""launchTime"": ""null"",\n        ""recoveryTime"": ""null"",\n        ""ruleInstanceName"": ""launch failure - Exploitation Scenario 789"",\n        ""severity"": 3\n    }', 'schema': {'launchID': 'String', 'failureType': 'String', 'failureSeverity': 'Int', 'impactArea': 'String', 'launchTime': 'String', 'recoveryTime': 'Int', 'ruleInstanceName': 'string', 'severity': 'int'}, 'time': '2024-12-09|11:43:13', 'inference_time': 7.094249963760376}"
2024-12-09,11:43:13,"{'feedback': True, 'time': datetime.datetime(2024, 12, 9, 11, 43, 13, 130172)}"
2024-12-09,11:46:22,"{'rule_instance': {'_id': '00000000-0000-0000-0000-000000000000', 'description': 'string', 'isActive': True, 'lastUpdateTime': '00/00/0000 00:00:00', 'params': {'launchID': '789', 'failureType': 'Exploitation', 'failureSeverity': 3, 'impactArea': 'Personal', 'launchTime': 'null', 'recoveryTime': 'null'}, 'ruleInstanceName': 'launch failure - Exploitation Scenario 789', 'severity': 3, 'ruleType': 'structured', 'ruleOwner': '', 'ruleTypeId': 'a4e8b2c1-e5f3-4c8f-826b-31b9e9ab732b', 'eventDetails': [{'objectName': 'Launch', 'objectDescription': None, 'timeWindowInMilliseconds': 0, 'useLatest': False}], 'additionalInformation': {}, 'presetId': '00000000-0000-0000-0000-000000000000'}, 'is_error': False, 'error_message': '', 'free_text': ""Alright, let's dive in. We're looking at 'Exploitation Scenario 789'. The crux of the matter is, there's this individual, going by the ID 'XYZ789', who's been involved in an exploitation failure. The level of seriousness? I'd estimate about three. The breach? Fairness. Not good, not good at all. When did we spot this? Well, the detection time isn't clear. And the context? Personal. Yes, it's a pretty serious situation"", 'type_name': 'launch failure', 'rag_score': 0.5653713002254673, 'model_response': '{\n        ""launchID"": ""789"",\n        ""failureType"": ""Exploitation"",\n        ""failureSeverity"": 3,\n        ""impactArea"": ""Personal"",\n        ""launchTime"": ""null"",\n        ""recoveryTime"": ""null"",\n        ""ruleInstanceName"": ""launch failure - Exploitation Scenario 789"",\n        ""severity"": 3\n    }', 'schema': {'launchID': 'String', 'failureType': 'String', 'failureSeverity': 'Int', 'impactArea': 'String', 'launchTime': 'String', 'recoveryTime': 'Int', 'ruleInstanceName': 'string', 'severity': 'int'}, 'time': '2024-12-09|11:46:22', 'inference_time': 6.90959095954895}"
2024-12-09,11:46:22,"{'feedback': True, 'time': datetime.datetime(2024, 12, 9, 11, 46, 22, 848492)}"
2024-12-09,11:47:23,"{'rule_instance': {'_id': '00000000-0000-0000-0000-000000000000', 'description': 'string', 'isActive': True, 'lastUpdateTime': '00/00/0000 00:00:00', 'params': {'launchID': '789', 'failureType': 'Exploitation', 'failureSeverity': 3, 'impactArea': 'Personal', 'launchTime': 'null', 'recoveryTime': 'null'}, 'ruleInstanceName': 'launch failure - Exploitation Scenario 789', 'severity': 3, 'ruleType': 'structured', 'ruleOwner': '', 'ruleTypeId': 'a4e8b2c1-e5f3-4c8f-826b-31b9e9ab732b', 'eventDetails': [{'objectName': 'Launch', 'objectDescription': None, 'timeWindowInMilliseconds': 0, 'useLatest': False}], 'additionalInformation': {}, 'presetId': '00000000-0000-0000-0000-000000000000'}, 'is_error': False, 'error_message': '', 'free_text': ""Alright, let's dive in. We're looking at 'Exploitation Scenario 789'. The crux of the matter is, there's this individual, going by the ID 'XYZ789', who's been involved in an exploitation failure. The level of seriousness? I'd estimate about three. The breach? Fairness. Not good, not good at all. When did we spot this? Well, the detection time isn't clear. And the context? Personal. Yes, it's a pretty serious situation"", 'type_name': 'launch failure', 'rag_score': 0.5653713002254673, 'model_response': '{\n        ""launchID"": ""789"",\n        ""failureType"": ""Exploitation"",\n        ""failureSeverity"": 3,\n        ""impactArea"": ""Personal"",\n        ""launchTime"": ""null"",\n        ""recoveryTime"": ""null"",\n        ""ruleInstanceName"": ""launch failure - Exploitation Scenario 789"",\n        ""severity"": 3\n    }', 'schema': {'launchID': 'String', 'failureType': 'String', 'failureSeverity': 'Int', 'impactArea': 'String', 'launchTime': 'String', 'recoveryTime': 'Int', 'ruleInstanceName': 'string', 'severity': 'int'}, 'time': '2024-12-09|11:47:23', 'inference_time': 7.292827129364014}"
2024-12-09,11:47:23,"{'feedback': True, 'time': datetime.datetime(2024, 12, 9, 11, 47, 23, 559722)}"
2024-12-09,11:48:37,"{'rule_instance': {'_id': '00000000-0000-0000-0000-000000000000', 'description': 'string', 'isActive': True, 'lastUpdateTime': '00/00/0000 00:00:00', 'params': {'launchID': '789', 'failureType': 'Exploitation', 'failureSeverity': 3, 'impactArea': 'Personal', 'launchTime': 'null', 'recoveryTime': 'null'}, 'ruleInstanceName': 'launch failure - Exploitation Scenario 789', 'severity': 3, 'ruleType': 'structured', 'ruleOwner': '', 'ruleTypeId': 'a4e8b2c1-e5f3-4c8f-826b-31b9e9ab732b', 'eventDetails': [{'objectName': 'Launch', 'objectDescription': None, 'timeWindowInMilliseconds': 0, 'useLatest': False}], 'additionalInformation': {}, 'presetId': '00000000-0000-0000-0000-000000000000'}, 'is_error': False, 'error_message': '', 'free_text': ""Alright, let's dive in. We're looking at 'Exploitation Scenario 789'. The crux of the matter is, there's this individual, going by the ID 'XYZ789', who's been involved in an exploitation failure. The level of seriousness? I'd estimate about three. The breach? Fairness. Not good, not good at all. When did we spot this? Well, the detection time isn't clear. And the context? Personal. Yes, it's a pretty serious situation"", 'type_name': 'launch failure', 'rag_score': 0.5653713002254673, 'model_response': '{\n        ""launchID"": ""789"",\n        ""failureType"": ""Exploitation"",\n        ""failureSeverity"": 3,\n        ""impactArea"": ""Personal"",\n        ""launchTime"": ""null"",\n        ""recoveryTime"": ""null"",\n        ""ruleInstanceName"": ""launch failure - Exploitation Scenario 789"",\n        ""severity"": 3\n    }', 'schema': {'launchID': 'String', 'failureType': 'String', 'failureSeverity': 'Int', 'impactArea': 'String', 'launchTime': 'String', 'recoveryTime': 'Int', 'ruleInstanceName': 'string', 'severity': 'int'}, 'time': '2024-12-09|11:48:37', 'inference_time': 7.084393262863159}"
2024-12-09,11:48:37,"{'feedback': True, 'time': datetime.datetime(2024, 12, 9, 11, 48, 37, 786389)}"
2024-12-09,11:48:42,"{'rule_instance': {'_id': '00000000-0000-0000-0000-000000000000', 'description': 'string', 'isActive': True, 'lastUpdateTime': '00/00/0000 00:00:00', 'params': {'threatID': 'null', 'defectorProfile': 'Intelligence Operative', 'defectionReason': 'Personal Gain', 'threatLevel': 'High', 'potentialAlly': 'null'}, 'ruleInstanceName': 'defection threat -  Intelligence Operative Defection', 'severity': 3, 'ruleType': 'structured', 'ruleOwner': '', 'ruleTypeId': 'c8dcb74b-59ed-44b5-854d-d10b5f3b2c85', 'eventDetails': [{'objectName': 'Threat', 'objectDescription': None, 'timeWindowInMilliseconds': 0, 'useLatest': False}], 'additionalInformation': {}, 'presetId': '00000000-0000-0000-0000-000000000000'}, 'is_error': False, 'error_message': '', 'free_text': ""Hold on a minute! You're saying that an Intelligence Operative has defected for Personal Gain, and it's only classified as severity three? That's preposterous! How is that feasible? How is it that such a significant move has such a low severity rating? And the threat level is just High? That's quite serious, but only High? Are they really terming it as just 'defection threat Critical Situation'? That doesn't make any sense at all. I thought defection of such a high profile operative would be much worse than this. The severity rating is just... a three? Are you certain about this? This doesn't seem to reconcile at all. How can an event of this magnitude be so low on the scale? It seems like they're trivializing the whole situation. 'defection threat Critical Situation' doesn't even seem to align with the situation at hand. Why is it being minimized this much? I can't fathom this is the official response to such a significant event. We need to reassess how these situations are being classified."", 'type_name': 'defection threat', 'rag_score': 0.5702271782232864, 'model_response': '```json\n    {""threatID"": ""null"",""defectorProfile"": ""Intelligence Operative"", ""defectionReason"": ""Personal Gain"", ""threatLevel"": ""High"", ""potentialAlly"": ""null"", ""ruleInstanceName"": ""defection threat -  Intelligence Operative Defection"", ""severity"": 3}', 'schema': {'threatID': 'String', 'defectorProfile': 'String', 'defectionReason': 'String', 'threatLevel': 'String', 'potentialAlly': 'String', 'ruleInstanceName': 'string', 'severity': 'int'}, 'time': '2024-12-09|11:48:42', 'inference_time': 4.790158271789551}"
2024-12-09,11:50:14,"{'rule_instance': {'_id': '00000000-0000-0000-0000-000000000000', 'description': 'string', 'isActive': True, 'lastUpdateTime': '00/00/0000 00:00:00', 'params': {'launchID': '789', 'failureType': 'Exploitation', 'failureSeverity': 3, 'impactArea': 'Personal', 'launchTime': 'null', 'recoveryTime': 'null'}, 'ruleInstanceName': 'launch failure - Exploitation Scenario 789', 'severity': 3, 'ruleType': 'structured', 'ruleOwner': '', 'ruleTypeId': 'a4e8b2c1-e5f3-4c8f-826b-31b9e9ab732b', 'eventDetails': [{'objectName': 'Launch', 'objectDescription': None, 'timeWindowInMilliseconds': 0, 'useLatest': False}], 'additionalInformation': {}, 'presetId': '00000000-0000-0000-0000-000000000000'}, 'is_error': False, 'error_message': '', 'free_text': ""Alright, let's dive in. We're looking at 'Exploitation Scenario 789'. The crux of the matter is, there's this individual, going by the ID 'XYZ789', who's been involved in an exploitation failure. The level of seriousness? I'd estimate about three. The breach? Fairness. Not good, not good at all. When did we spot this? Well, the detection time isn't clear. And the context? Personal. Yes, it's a pretty serious situation"", 'type_name': 'launch failure', 'rag_score': 0.5653713002254673, 'model_response': '{\n        ""launchID"": ""789"",\n        ""failureType"": ""Exploitation"",\n        ""failureSeverity"": 3,\n        ""impactArea"": ""Personal"",\n        ""launchTime"": ""null"",\n        ""recoveryTime"": ""null"",\n        ""ruleInstanceName"": ""launch failure - Exploitation Scenario 789"",\n        ""severity"": 3\n    }', 'schema': {'launchID': 'String', 'failureType': 'String', 'failureSeverity': 'Int', 'impactArea': 'String', 'launchTime': 'String', 'recoveryTime': 'Int', 'ruleInstanceName': 'string', 'severity': 'int'}, 'time': '2024-12-09|11:50:14', 'inference_time': 6.8320159912109375}"
2024-12-09,11:50:14,"{'feedback': True, 'time': datetime.datetime(2024, 12, 9, 11, 50, 14, 70591)}"
2024-12-09,11:50:18,"{'rule_instance': {'_id': '00000000-0000-0000-0000-000000000000', 'description': 'string', 'isActive': True, 'lastUpdateTime': '00/00/0000 00:00:00', 'params': {'threatID': 'null', 'defectorProfile': 'Intelligence Operative', 'defectionReason': 'Personal Gain', 'threatLevel': 'High', 'potentialAlly': 'null'}, 'ruleInstanceName': 'defection threat -  Intelligence Operative Defection', 'severity': 3, 'ruleType': 'structured', 'ruleOwner': '', 'ruleTypeId': 'c8dcb74b-59ed-44b5-854d-d10b5f3b2c85', 'eventDetails': [{'objectName': 'Threat', 'objectDescription': None, 'timeWindowInMilliseconds': 0, 'useLatest': False}], 'additionalInformation': {}, 'presetId': '00000000-0000-0000-0000-000000000000'}, 'is_error': False, 'error_message': '', 'free_text': ""Hold on a minute! You're saying that an Intelligence Operative has defected for Personal Gain, and it's only classified as severity three? That's preposterous! How is that feasible? How is it that such a significant move has such a low severity rating? And the threat level is just High? That's quite serious, but only High? Are they really terming it as just 'defection threat Critical Situation'? That doesn't make any sense at all. I thought defection of such a high profile operative would be much worse than this. The severity rating is just... a three? Are you certain about this? This doesn't seem to reconcile at all. How can an event of this magnitude be so low on the scale? It seems like they're trivializing the whole situation. 'defection threat Critical Situation' doesn't even seem to align with the situation at hand. Why is it being minimized this much? I can't fathom this is the official response to such a significant event. We need to reassess how these situations are being classified."", 'type_name': 'defection threat', 'rag_score': 0.5702271782232864, 'model_response': '```json\n    {""threatID"": ""null"",""defectorProfile"": ""Intelligence Operative"", ""defectionReason"": ""Personal Gain"", ""threatLevel"": ""High"", ""potentialAlly"": ""null"", ""ruleInstanceName"": ""defection threat -  Intelligence Operative Defection"", ""severity"": 3}', 'schema': {'threatID': 'String', 'defectorProfile': 'String', 'defectionReason': 'String', 'threatLevel': 'String', 'potentialAlly': 'String', 'ruleInstanceName': 'string', 'severity': 'int'}, 'time': '2024-12-09|11:50:18', 'inference_time': 4.790351152420044}"
2024-12-09,11:51:00,"{'rule_instance': {'_id': '00000000-0000-0000-0000-000000000000', 'description': 'string', 'isActive': True, 'lastUpdateTime': '00/00/0000 00:00:00', 'params': {'launchID': '789', 'failureType': 'Exploitation', 'failureSeverity': 3, 'impactArea': 'Personal', 'launchTime': 'null', 'recoveryTime': 'null'}, 'ruleInstanceName': 'launch failure - Exploitation Scenario 789', 'severity': 3, 'ruleType': 'structured', 'ruleOwner': '', 'ruleTypeId': 'a4e8b2c1-e5f3-4c8f-826b-31b9e9ab732b', 'eventDetails': [{'objectName': 'Launch', 'objectDescription': None, 'timeWindowInMilliseconds': 0, 'useLatest': False}], 'additionalInformation': {}, 'presetId': '00000000-0000-0000-0000-000000000000'}, 'is_error': False, 'error_message': '', 'free_text': ""Alright, let's dive in. We're looking at 'Exploitation Scenario 789'. The crux of the matter is, there's this individual, going by the ID 'XYZ789', who's been involved in an exploitation failure. The level of seriousness? I'd estimate about three. The breach? Fairness. Not good, not good at all. When did we spot this? Well, the detection time isn't clear. And the context? Personal. Yes, it's a pretty serious situation"", 'type_name': 'launch failure', 'rag_score': 0.5653713002254673, 'model_response': '{\n        ""launchID"": ""789"",\n        ""failureType"": ""Exploitation"",\n        ""failureSeverity"": 3,\n        ""impactArea"": ""Personal"",\n        ""launchTime"": ""null"",\n        ""recoveryTime"": ""null"",\n        ""ruleInstanceName"": ""launch failure - Exploitation Scenario 789"",\n        ""severity"": 3\n    }', 'schema': {'launchID': 'String', 'failureType': 'String', 'failureSeverity': 'Int', 'impactArea': 'String', 'launchTime': 'String', 'recoveryTime': 'Int', 'ruleInstanceName': 'string', 'severity': 'int'}, 'time': '2024-12-09|11:51:00', 'inference_time': 6.810449838638306}"
2024-12-09,11:51:00,"{'feedback': True, 'time': datetime.datetime(2024, 12, 9, 11, 51, 0, 204334)}"
2024-12-09,11:51:04,"{'rule_instance': {'_id': '00000000-0000-0000-0000-000000000000', 'description': 'string', 'isActive': True, 'lastUpdateTime': '00/00/0000 00:00:00', 'params': {'threatID': 'null', 'defectorProfile': 'Intelligence Operative', 'defectionReason': 'Personal Gain', 'threatLevel': 'High', 'potentialAlly': 'null'}, 'ruleInstanceName': 'defection threat -  Intelligence Operative Defection', 'severity': 3, 'ruleType': 'structured', 'ruleOwner': '', 'ruleTypeId': 'c8dcb74b-59ed-44b5-854d-d10b5f3b2c85', 'eventDetails': [{'objectName': 'Threat', 'objectDescription': None, 'timeWindowInMilliseconds': 0, 'useLatest': False}], 'additionalInformation': {}, 'presetId': '00000000-0000-0000-0000-000000000000'}, 'is_error': False, 'error_message': '', 'free_text': ""Hold on a minute! You're saying that an Intelligence Operative has defected for Personal Gain, and it's only classified as severity three? That's preposterous! How is that feasible? How is it that such a significant move has such a low severity rating? And the threat level is just High? That's quite serious, but only High? Are they really terming it as just 'defection threat Critical Situation'? That doesn't make any sense at all. I thought defection of such a high profile operative would be much worse than this. The severity rating is just... a three? Are you certain about this? This doesn't seem to reconcile at all. How can an event of this magnitude be so low on the scale? It seems like they're trivializing the whole situation. 'defection threat Critical Situation' doesn't even seem to align with the situation at hand. Why is it being minimized this much? I can't fathom this is the official response to such a significant event. We need to reassess how these situations are being classified."", 'type_name': 'defection threat', 'rag_score': 0.5702271782232864, 'model_response': '```json\n    {""threatID"": ""null"",""defectorProfile"": ""Intelligence Operative"", ""defectionReason"": ""Personal Gain"", ""threatLevel"": ""High"", ""potentialAlly"": ""null"", ""ruleInstanceName"": ""defection threat -  Intelligence Operative Defection"", ""severity"": 3}', 'schema': {'threatID': 'String', 'defectorProfile': 'String', 'defectionReason': 'String', 'threatLevel': 'String', 'potentialAlly': 'String', 'ruleInstanceName': 'string', 'severity': 'int'}, 'time': '2024-12-09|11:51:04', 'inference_time': 4.646958827972412}"
2024-12-09,11:51:38,"{'rule_instance': {'_id': '00000000-0000-0000-0000-000000000000', 'description': 'string', 'isActive': True, 'lastUpdateTime': '00/00/0000 00:00:00', 'params': {'launchID': '789', 'failureType': 'Exploitation', 'failureSeverity': 3, 'impactArea': 'Personal', 'launchTime': 'null', 'recoveryTime': 'null'}, 'ruleInstanceName': 'launch failure - Exploitation Scenario 789', 'severity': 3, 'ruleType': 'structured', 'ruleOwner': '', 'ruleTypeId': 'a4e8b2c1-e5f3-4c8f-826b-31b9e9ab732b', 'eventDetails': [{'objectName': 'Launch', 'objectDescription': None, 'timeWindowInMilliseconds': 0, 'useLatest': False}], 'additionalInformation': {}, 'presetId': '00000000-0000-0000-0000-000000000000'}, 'is_error': False, 'error_message': '', 'free_text': ""Alright, let's dive in. We're looking at 'Exploitation Scenario 789'. The crux of the matter is, there's this individual, going by the ID 'XYZ789', who's been involved in an exploitation failure. The level of seriousness? I'd estimate about three. The breach? Fairness. Not good, not good at all. When did we spot this? Well, the detection time isn't clear. And the context? Personal. Yes, it's a pretty serious situation"", 'type_name': 'launch failure', 'rag_score': 0.5653713002254673, 'model_response': '{\n        ""launchID"": ""789"",\n        ""failureType"": ""Exploitation"",\n        ""failureSeverity"": 3,\n        ""impactArea"": ""Personal"",\n        ""launchTime"": ""null"",\n        ""recoveryTime"": ""null"",\n        ""ruleInstanceName"": ""launch failure - Exploitation Scenario 789"",\n        ""severity"": 3\n    }', 'schema': {'launchID': 'String', 'failureType': 'String', 'failureSeverity': 'Int', 'impactArea': 'String', 'launchTime': 'String', 'recoveryTime': 'Int', 'ruleInstanceName': 'string', 'severity': 'int'}, 'time': '2024-12-09|11:51:38', 'inference_time': 6.8507349491119385}"
2024-12-09,11:51:38,"{'feedback': True, 'time': datetime.datetime(2024, 12, 9, 11, 51, 38, 852976)}"
2024-12-09,11:51:43,"{'rule_instance': {'_id': '00000000-0000-0000-0000-000000000000', 'description': 'string', 'isActive': True, 'lastUpdateTime': '00/00/0000 00:00:00', 'params': {'threatID': 'null', 'defectorProfile': 'Intelligence Operative', 'defectionReason': 'Personal Gain', 'threatLevel': 'High', 'potentialAlly': 'null'}, 'ruleInstanceName': 'defection threat -  Intelligence Operative Defection', 'severity': 3, 'ruleType': 'structured', 'ruleOwner': '', 'ruleTypeId': 'c8dcb74b-59ed-44b5-854d-d10b5f3b2c85', 'eventDetails': [{'objectName': 'Threat', 'objectDescription': None, 'timeWindowInMilliseconds': 0, 'useLatest': False}], 'additionalInformation': {}, 'presetId': '00000000-0000-0000-0000-000000000000'}, 'is_error': False, 'error_message': '', 'free_text': ""Hold on a minute! You're saying that an Intelligence Operative has defected for Personal Gain, and it's only classified as severity three? That's preposterous! How is that feasible? How is it that such a significant move has such a low severity rating? And the threat level is just High? That's quite serious, but only High? Are they really terming it as just 'defection threat Critical Situation'? That doesn't make any sense at all. I thought defection of such a high profile operative would be much worse than this. The severity rating is just... a three? Are you certain about this? This doesn't seem to reconcile at all. How can an event of this magnitude be so low on the scale? It seems like they're trivializing the whole situation. 'defection threat Critical Situation' doesn't even seem to align with the situation at hand. Why is it being minimized this much? I can't fathom this is the official response to such a significant event. We need to reassess how these situations are being classified."", 'type_name': 'defection threat', 'rag_score': 0.5702271782232864, 'model_response': '```json\n    {""threatID"": ""null"",""defectorProfile"": ""Intelligence Operative"", ""defectionReason"": ""Personal Gain"", ""threatLevel"": ""High"", ""potentialAlly"": ""null"", ""ruleInstanceName"": ""defection threat -  Intelligence Operative Defection"", ""severity"": 3}', 'schema': {'threatID': 'String', 'defectorProfile': 'String', 'defectionReason': 'String', 'threatLevel': 'String', 'potentialAlly': 'String', 'ruleInstanceName': 'string', 'severity': 'int'}, 'time': '2024-12-09|11:51:43', 'inference_time': 5.032279968261719}"
2024-12-09,11:53:27,"{'rule_instance': {'_id': '00000000-0000-0000-0000-000000000000', 'description': 'string', 'isActive': True, 'lastUpdateTime': '00/00/0000 00:00:00', 'params': {'launchID': '789', 'failureType': 'Exploitation', 'failureSeverity': 3, 'impactArea': 'Personal', 'launchTime': 'null', 'recoveryTime': 'null'}, 'ruleInstanceName': 'launch failure - Exploitation Scenario 789', 'severity': 3, 'ruleType': 'structured', 'ruleOwner': '', 'ruleTypeId': 'a4e8b2c1-e5f3-4c8f-826b-31b9e9ab732b', 'eventDetails': [{'objectName': 'Launch', 'objectDescription': None, 'timeWindowInMilliseconds': 0, 'useLatest': False}], 'additionalInformation': {}, 'presetId': '00000000-0000-0000-0000-000000000000'}, 'is_error': False, 'error_message': '', 'free_text': ""Alright, let's dive in. We're looking at 'Exploitation Scenario 789'. The crux of the matter is, there's this individual, going by the ID 'XYZ789', who's been involved in an exploitation failure. The level of seriousness? I'd estimate about three. The breach? Fairness. Not good, not good at all. When did we spot this? Well, the detection time isn't clear. And the context? Personal. Yes, it's a pretty serious situation"", 'type_name': 'launch failure', 'rag_score': 0.5653713002254673, 'model_response': '{\n        ""launchID"": ""789"",\n        ""failureType"": ""Exploitation"",\n        ""failureSeverity"": 3,\n        ""impactArea"": ""Personal"",\n        ""launchTime"": ""null"",\n        ""recoveryTime"": ""null"",\n        ""ruleInstanceName"": ""launch failure - Exploitation Scenario 789"",\n        ""severity"": 3\n    }', 'schema': {'launchID': 'String', 'failureType': 'String', 'failureSeverity': 'Int', 'impactArea': 'String', 'launchTime': 'String', 'recoveryTime': 'Int', 'ruleInstanceName': 'string', 'severity': 'int'}, 'time': '2024-12-09|11:53:27', 'inference_time': 7.019898891448975}"
2024-12-09,11:53:27,"{'feedback': True, 'time': datetime.datetime(2024, 12, 9, 11, 53, 27, 350779)}"
2024-12-09,11:53:32,"{'rule_instance': {'_id': '00000000-0000-0000-0000-000000000000', 'description': 'string', 'isActive': True, 'lastUpdateTime': '00/00/0000 00:00:00', 'params': {'threatID': 'null', 'defectorProfile': 'Intelligence Operative', 'defectionReason': 'Personal Gain', 'threatLevel': 'High', 'potentialAlly': 'null'}, 'ruleInstanceName': 'defection threat -  Intelligence Operative Defection', 'severity': 3, 'ruleType': 'structured', 'ruleOwner': '', 'ruleTypeId': 'c8dcb74b-59ed-44b5-854d-d10b5f3b2c85', 'eventDetails': [{'objectName': 'Threat', 'objectDescription': None, 'timeWindowInMilliseconds': 0, 'useLatest': False}], 'additionalInformation': {}, 'presetId': '00000000-0000-0000-0000-000000000000'}, 'is_error': False, 'error_message': '', 'free_text': ""Hold on a minute! You're saying that an Intelligence Operative has defected for Personal Gain, and it's only classified as severity three? That's preposterous! How is that feasible? How is it that such a significant move has such a low severity rating? And the threat level is just High? That's quite serious, but only High? Are they really terming it as just 'defection threat Critical Situation'? That doesn't make any sense at all. I thought defection of such a high profile operative would be much worse than this. The severity rating is just... a three? Are you certain about this? This doesn't seem to reconcile at all. How can an event of this magnitude be so low on the scale? It seems like they're trivializing the whole situation. 'defection threat Critical Situation' doesn't even seem to align with the situation at hand. Why is it being minimized this much? I can't fathom this is the official response to such a significant event. We need to reassess how these situations are being classified."", 'type_name': 'defection threat', 'rag_score': 0.5702271782232864, 'model_response': '```json\n    {""threatID"": ""null"",""defectorProfile"": ""Intelligence Operative"", ""defectionReason"": ""Personal Gain"", ""threatLevel"": ""High"", ""potentialAlly"": ""null"", ""ruleInstanceName"": ""defection threat -  Intelligence Operative Defection"", ""severity"": 3}', 'schema': {'threatID': 'String', 'defectorProfile': 'String', 'defectionReason': 'String', 'threatLevel': 'String', 'potentialAlly': 'String', 'ruleInstanceName': 'string', 'severity': 'int'}, 'time': '2024-12-09|11:53:32', 'inference_time': 4.728482007980347}"
